{"cameraMode":{"drawMode":0,"name":"Shaded","section":"Shading Mode"},"sceneLighting":true,"audioPlay":false,"sceneViewState":{"showFog":true,"showMaterialUpdate":false,"showSkybox":true,"showFlares":true,"showImageEffects":true,"showParticleSystems":true},"in2DMode":false,"pivot":{"x":1.1698541641235352,"y":0.11389285326004029,"z":6.861425399780273},"rotation":{"x":-0.013807361014187336,"y":-0.015900513157248498,"z":0.00021945018670521677,"w":-0.9997807741165161},"size":14.206002235412598,"orthographic":true}