{"cameraMode":{"drawMode":0,"name":"Shaded","section":"Shading Mode"},"sceneLighting":true,"audioPlay":false,"sceneViewState":{"showFog":true,"showMaterialUpdate":false,"showSkybox":true,"showFlares":true,"showImageEffects":true,"showParticleSystems":true},"in2DMode":false,"pivot":{"x":0.6348329782485962,"y":-3.090242385864258,"z":8.198737144470215},"rotation":{"x":0.21894900500774384,"y":0.024873992428183557,"z":-0.005583099089562893,"w":0.9754055738449097},"size":28.600439071655275,"orthographic":false}